{"count":1,"self":157.67353599999998,"total":167.7646637,"children":{"AgentResetIfDone":{"count":7896,"self":0.0488317,"total":0.0488317,"children":null},"AgentSendState":{"count":7896,"self":0.10226289999999999,"total":2.3900869,"children":{"CollectObservations":{"count":10451,"self":2.287824,"total":2.287824,"children":null}}},"DecideAction":{"count":7896,"self":7.3947752,"total":7.3947749,"children":null},"AcademyStep":{"count":7896,"self":0.0069796999999999993,"total":0.0069796999999999993,"children":null},"AgentAct":{"count":7896,"self":0.2504591,"total":0.2504591,"children":null}}}